# Offline fixture only: CPU stage render and stone generation; excludes native UI first frame/DNS/audio/network
width,height,stage_us,geometry_and_stones_us
400,174,2266,1149
400,174,1201,29
400,174,1924,35
400,174,3187,31
400,174,1496,28
400,174,1593,33
400,334,4550,1579
400,334,2361,110
400,334,3784,70
400,334,7799,65
400,334,3746,34
639,174,4746,54
639,174,3913,52
639,174,2504,36
639,174,1689,24
639,174,3497,26
639,174,1627,32
431,198,3965,43
431,198,3096,32
431,198,1877,39
431,198,2261,35
431,198,2716,26
431,198,1954,33
432,198,3770,46
432,198,3298,29
432,198,1361,26
432,198,1917,29
432,198,3897,52
526,358,7201,2402
526,358,3933,33
526,358,6306,27
526,358,3042,28
526,358,2981,26
526,358,6414,27
527,398,7992,2224
527,398,5769,43
527,398,6529,26
527,398,3032,26
527,398,3505,30
527,398,8557,33
528,398,7820,38
528,398,3775,29
528,398,6890,25
528,398,3155,26
528,398,3642,32
551,398,8627,89
551,398,3899,26
551,398,3343,26
551,398,7474,31
551,398,3257,37
815,598,15050,2287
815,598,15518,33
815,598,7225,24
815,598,9343,34
815,598,14688,25
815,598,9125,31
551,398,7302,39
551,398,7045,33
551,398,3375,47
400,174,2346,31
400,174,2170,29
400,174,1010,24
551,398,7112,34
551,398,6696,30
551,398,3822,29
400,174,2471,63
400,174,2015,30
400,174,1024,24
551,398,7233,34
551,398,7885,32
551,398,3396,24
400,174,2533,32
400,174,2109,27
400,174,1010,23
551,398,7201,32
551,398,6829,30
551,398,3630,26
400,174,2278,30
400,174,1954,30
400,174,1032,22
551,398,7507,34
551,398,7820,31
551,398,3919,27
400,174,2363,33
400,174,1989,27
400,174,1133,28
551,398,7516,35
551,398,6940,31
551,398,3500,25
400,174,2365,32
400,174,1998,28
400,174,2152,30
551,398,7034,33
551,398,7409,30
551,398,3500,29
400,174,2364,33
400,174,2000,27
400,174,1176,25
551,398,7362,38
551,398,7022,42
551,398,3295,24
400,174,2327,32
400,174,2061,28
400,174,1004,22
551,326,5611,32
551,326,5512,29
551,326,2753,30
400,102,1440,44
400,102,1282,29
400,102,702,25
551,326,5535,32
551,326,5391,36
551,326,2573,23
400,102,1453,36
400,102,1056,19
400,102,627,27
551,326,5934,37
551,326,5599,31
551,326,2625,26
400,102,1803,57
400,102,1686,39
400,102,1000,85
551,326,5673,37
551,326,5578,30
551,326,2817,26
400,102,1426,36
400,102,1063,20
400,102,706,31
551,398,8378,44
551,398,7200,36
551,398,3334,25
400,174,2410,32
400,174,1942,22
400,174,1037,22
551,398,7015,25
551,398,6882,23
551,398,3281,21
400,174,2473,23
400,174,1954,14
400,174,1122,1133
551,398,7089,1697
551,398,6801,38
551,398,3148,27
400,174,2395,43
400,174,1926,29
400,174,1183,29
551,398,7769,63
551,398,7228,83
551,398,3394,28
400,174,2413,41
400,174,1989,36
400,174,1032,25
551,398,7180,33
551,398,6730,30
551,398,3607,26
400,174,2349,31
400,174,1923,22
400,174,1025,22
400,174,1042,24
400,174,2122,28
400,174,976,24
400,174,1081,30
551,398,7337,20
551,398,3211,24
551,398,3449,25
400,174,2409,19
400,174,1035,23
400,174,1013,17
400,174,1979,22
400,102,1462,30
400,102,643,27
400,102,1114,25
400,102,600,20
400,102,585,20
400,102,2152,77
400,102,658,22
400,102,925,24
400,102,1581,31
400,102,767,31
400,102,626,20
400,334,4473,37
400,174,2755,88
400,174,1318,27
551,398,9103,53
551,398,3658,32
